Track,Artist,Album,Duration
Levitate - From 'All That You Can't Leave Behind' Sessions / Remastered 2020,U2,All That You Can’t Leave Behind,05:09
Stateless - Remastered 2020,U2,All That You Can’t Leave Behind,04:07
Stuck In A Moment You Can't Get Out Of - Acoustic Version / Remastered 2020,U2,Stuck In A Moment You Can't Get Out Of (Acoustic Version / Remastered 2020),03:44
Bang A Gong (Get It On),U2 & Elton John,Bang A Gong (Get It On),04:26
11 O'Clock Tick Tock - Remastered,U2,Boy (Deluxe Edition Remastered),03:47
Beautiful Day,U2,All That You Can't Leave Behind,04:08
Pride (In The Name Of Love) - Remastered 2009,U2,The Unforgettable Fire (Deluxe Edition Remastered),03:48
Discotheque,U2,Pop,05:18
California (There Is No End To Love),U2,Songs Of Innocence (Deluxe),03:59
You’re The Best Thing About Me,U2,Songs Of Experience (Deluxe Edition),03:45
Sweetest Thing,U2,The Joshua Tree (Super Deluxe),03:04
The Electric Co. - Remastered 2008,U2,Boy (Deluxe Edition Remastered),04:46
Out Of Control - Remastered 2008,U2,Boy (Deluxe Edition Remastered),04:14
Vertigo,U2,How To Dismantle An Atomic Bomb,03:13
Sometimes You Can't Make It On Your Own,U2,How To Dismantle An Atomic Bomb,05:05
Magnificent,U2,No Line On The Horizon,05:24
The Miracle (Of Joey Ramone),U2,Songs Of Innocence (Deluxe),04:15
Until The End Of The World,U2,Achtung Baby,04:38
Desire,U2,Rattle And Hum,02:59
Where The Streets Have No Name - Single Edit / Remastered 2007,U2,The Joshua Tree (Deluxe Edition Remastered),04:47
With Or Without You - Remastered,U2,The Joshua Tree (Super Deluxe),04:55
Numb,U2,Zooropa,04:19
Every Breaking Wave,U2,Songs Of Innocence (Deluxe),04:12
City Of Blinding Lights,U2,How To Dismantle An Atomic Bomb,05:45
Song For Someone,U2,Songs Of Innocence (Deluxe),03:46
I Still Haven't Found What I'm Looking For,U2,The Joshua Tree (Super Deluxe),04:37
The Blackout,U2,Songs Of Experience (Deluxe Edition),04:45
Summer Of Love,U2,Songs Of Experience (Deluxe Edition),03:24
Love Is Bigger Than Anything In Its Way,U2,Songs Of Experience (Deluxe Edition),04:00
Lights Of Home,U2,Songs Of Experience (Deluxe Edition),04:16
Get Out Of Your Own Way - Acoustic Version,U2,Get Out Of Your Own Way (Acoustic Version),02:56
Two Hearts Beat As One - Remastered 2008,U2,War (Deluxe Edition Remastered),04:03
Gloria - Remastered 2008,U2,October (Deluxe Edition Remastered),04:12
Who's Gonna Ride Your Wild Horses,U2,Achtung Baby,05:16
New Year's Day - Single Edit - Remastered,U2,War (Deluxe Edition Remastered),03:55
Even Better Than The Real Thing,U2,Achtung Baby,03:41
I Will Follow - Remastered 2008,U2,Boy (Deluxe Edition Remastered),03:37
Staring At The Sun,U2,Pop,04:36
Stay (Faraway  So Close!),U2,Zooropa,04:58
Sunday Bloody Sunday - Remastered 2008,U2,War (Deluxe Edition Remastered),04:39
Walk On,U2,All That You Can't Leave Behind,04:56
Angel Of Harlem,U2,Rattle And Hum,03:49
Stuck In A Moment You Can't Get Out Of,U2,All That You Can't Leave Behind,04:33
Elevation,U2,All That You Can't Leave Behind,03:46
Lemon,U2,Zooropa,06:56
Moment Of Surrender,U2,No Line On The Horizon,07:24
The Fly,U2,Achtung Baby,04:29
Mysterious Ways,U2,Achtung Baby,04:03
One,U2,Achtung Baby,04:36
All I Want Is You,U2,Rattle And Hum,06:29
Bad - Remastered 2009,U2,The Unforgettable Fire (Deluxe Edition Remastered),06:08
13 (There is A Light),U2,Songs Of Experience (Deluxe Edition),04:19
Ahimsa,U2 & A.R. Rahman,Ahimsa,03:50
Please,U2,Pop,05:02
Pride (In The Name Of Love) - Karsh Kale 100 Voices Mix,U2 & Karsh Kale,The Eternal Remixes,05:10
October - Remastered 2008,U2,October (Remastered),02:21
Love Is All We Have Left,U2,Songs Of Experience (Deluxe Edition),02:41
Ordinary Love,U2,Mandela – Long Walk To Freedom (Original Motion Picture Soundtrack) [UK/International],03:41
Scarlet,The Rolling Stones & Jimmy Page,Scarlet,03:44
Criss Cross,The Rolling Stones,Criss Cross,04:32
Miss You - Remastered,The Rolling Stones,Some Girls,04:48
When The Whip Comes Down - Remastered,The Rolling Stones,Some Girls,04:20
Just My Imagination (Running Away With Me) - Remastered,The Rolling Stones,Some Girls,04:38
Some Girls - Remastered,The Rolling Stones,Some Girls,04:36
Lies - Remastered,The Rolling Stones,Some Girls,03:11
Far Away Eyes - Remastered,The Rolling Stones,Some Girls,04:23
Respectable - Remastered,The Rolling Stones,Some Girls,03:07
Before They Make Me Run - Remastered,The Rolling Stones,Some Girls,03:24
Beast Of Burden - Remastered,The Rolling Stones,Some Girls,04:25
Shattered - Remastered,The Rolling Stones,Some Girls,03:46
Just Your Fool,The Rolling Stones,Blue & Lonesome,02:16
Commit A Crime,The Rolling Stones,Blue & Lonesome,03:38
Blue And Lonesome,The Rolling Stones,Blue & Lonesome,03:07
All Of Your Love,The Rolling Stones,Blue & Lonesome,04:46
I Gotta Go,The Rolling Stones,Blue & Lonesome,03:26
Everybody Knows About My Good Thing,The Rolling Stones,Blue & Lonesome,04:30
Ride 'Em On Down,The Rolling Stones,Blue & Lonesome,02:48
Hate To See You Go,The Rolling Stones,Blue & Lonesome,03:20
Hoo Doo Blues,The Rolling Stones,Blue & Lonesome,02:36
Little Rain,The Rolling Stones,Blue & Lonesome,03:32
Just Like I Treat You,The Rolling Stones,Blue & Lonesome,03:24
I Can't Quit You Baby,The Rolling Stones,Blue & Lonesome,05:13
Rough Justice - Remastered,The Rolling Stones,A Bigger Bang (2009 Re-Mastered),03:10
Let Me Down Slow - Remastered,The Rolling Stones,A Bigger Bang (2009 Re-Mastered),04:15
It Won't Take Long - Remastered,The Rolling Stones,A Bigger Bang (2009 Re-Mastered),03:54
Rain Fall Down - Remastered,The Rolling Stones,A Bigger Bang (2009 Re-Mastered),04:53
Streets Of Love - Remastered,The Rolling Stones,A Bigger Bang (2009 Re-Mastered),05:09
Back Of My Hand - Remastered,The Rolling Stones,A Bigger Bang (2009 Re-Mastered),03:32
She Saw Me Coming - Remastered,The Rolling Stones,A Bigger Bang (2009 Re-Mastered),03:12
Biggest Mistake - Remastered,The Rolling Stones,A Bigger Bang (2009 Re-Mastered),04:05
This Place Is Empty - Remastered,The Rolling Stones,A Bigger Bang (2009 Re-Mastered),03:16
Oh No  Not You Again - Remastered,The Rolling Stones,A Bigger Bang (2009 Re-Mastered),03:46
Dangerous Beauty - Remastered,The Rolling Stones,A Bigger Bang (2009 Re-Mastered),03:48
Laugh  I Nearly Died - Remastered,The Rolling Stones,A Bigger Bang (2009 Re-Mastered),04:54
Sweet Neo Con - Remastered,The Rolling Stones,A Bigger Bang (2009 Re-Mastered),04:33
Look What The Cat Dragged In - Remastered,The Rolling Stones,A Bigger Bang (2009 Re-Mastered),03:57
Driving Too Fast - Remastered,The Rolling Stones,A Bigger Bang (2009 Re-Mastered),03:56
Infamy - Remastered,The Rolling Stones,A Bigger Bang (2009 Re-Mastered),03:47
Flip The Switch - Remastered,The Rolling Stones,Bridges To Babylon (Remastered),03:27
Anybody Seen My Baby? - Remastered,The Rolling Stones,Bridges To Babylon (Remastered),04:31
Low Down - Remastered,The Rolling Stones,Bridges To Babylon (Remastered),04:24
Already Over Me - Remastered,The Rolling Stones,Bridges To Babylon (Remastered),05:24
Gunface - Remastered,The Rolling Stones,Bridges To Babylon (Remastered),05:02
You Don't Have To Mean It - Remastered,The Rolling Stones,Bridges To Babylon (Remastered),03:43
Out Of Control - Remastered,The Rolling Stones,Bridges To Babylon (Remastered),04:43
Saint Of Me - Remastered,The Rolling Stones,Bridges To Babylon (Remastered),05:14
Might As Well Get Juiced - Remastered,The Rolling Stones,Bridges To Babylon (Remastered),05:23
Always Suffering - Remastered,The Rolling Stones,Bridges To Babylon (Remastered),04:43
Too Tight - Remastered,The Rolling Stones,Bridges To Babylon (Remastered),03:34
Thief In The Night - Remastered,The Rolling Stones,Bridges To Babylon (Remastered),05:16
How Can I Stop - Remastered,The Rolling Stones,Bridges To Babylon (Remastered),06:53
Love Is Strong - Remastered,The Rolling Stones,Voodoo Lounge (Remastered 2009),03:48
You Got Me Rocking - Remastered,The Rolling Stones,Voodoo Lounge (Remastered 2009),03:36
Sparks Will Fly - Remastered,The Rolling Stones,Voodoo Lounge (Remastered 2009),03:15
The Worst - Remastered,The Rolling Stones,Voodoo Lounge (Remastered 2009),02:24
New Faces - Remastered,The Rolling Stones,Voodoo Lounge (Remastered 2009),02:51
Moon Is Up - Remastered,The Rolling Stones,Voodoo Lounge (Remastered 2009),03:40
Out Of Tears - Remastered,The Rolling Stones,Voodoo Lounge (Remastered 2009),05:27
I Go Wild - Remastered,The Rolling Stones,Voodoo Lounge (Remastered 2009),04:24
Brand New Car - Remastered,The Rolling Stones,Voodoo Lounge (Remastered 2009),04:14
Sweethearts Together - Remastered,The Rolling Stones,Voodoo Lounge (Remastered 2009),04:45
Suck On The Jugular - Remastered,The Rolling Stones,Voodoo Lounge (Remastered 2009),04:26
Blinded By Rainbows - Remastered,The Rolling Stones,Voodoo Lounge (Remastered 2009),04:33
Baby Break It Down - Remastered,The Rolling Stones,Voodoo Lounge (Remastered 2009),04:08
Thru and Thru - Remastered,The Rolling Stones,Voodoo Lounge (Remastered 2009),06:01
Mean Disposition - Remastered,The Rolling Stones,Voodoo Lounge (Remastered 2009),04:08
Sad Sad Sad - Remastered,The Rolling Stones,Steel Wheels (Remastered 2009),03:35
Mixed Emotions - Remastered,The Rolling Stones,Steel Wheels (Remastered 2009),04:38
Terrifying - Remastered,The Rolling Stones,Steel Wheels (Remastered 2009),04:53
Hold On To Your Hat - Remastered,The Rolling Stones,Steel Wheels (Remastered 2009),03:32
Hearts For Sale - Remastered,The Rolling Stones,Steel Wheels (Remastered 2009),04:40
Blinded By Love - Remastered,The Rolling Stones,Steel Wheels (Remastered 2009),04:36
Rock And A Hard Place - Remastered,The Rolling Stones,Steel Wheels (Remastered 2009),05:24
Can't Be Seen - Remastered,The Rolling Stones,Steel Wheels (Remastered 2009),04:09
Almost Hear You Sigh - Remastered,The Rolling Stones,Steel Wheels (Remastered 2009),04:37
Continental Drift - Remastered,The Rolling Stones,Steel Wheels (Remastered 2009),05:14
Break The Spell - Remastered,The Rolling Stones,Steel Wheels (Remastered 2009),03:06
Slipping Away - Remastered,The Rolling Stones,Steel Wheels (Remastered 2009),04:30
One Hit (To The Body),The Rolling Stones,Dirty Work,04:43
Fight,The Rolling Stones,Dirty Work,03:08
Harlem Shuffle,The Rolling Stones,Dirty Work,03:24
Hold Back,The Rolling Stones,Dirty Work,03:52
Too Rude,The Rolling Stones,Dirty Work,03:10
Winning Ugly,The Rolling Stones,Dirty Work,04:31
Back To Zero,The Rolling Stones,Dirty Work,03:59
Dirty Work,The Rolling Stones,Dirty Work,03:52
Had It With You,The Rolling Stones,Dirty Work,03:18
Sleep Tonight,The Rolling Stones,Dirty Work,05:10
Key To The Highway - Piano Instrumental,The Rolling Stones,Dirty Work,00:33
Undercover (Of The Night) - 2009 Re-Mastered Digital Version,The Rolling Stones,Undercover (2009 Re-Mastered),04:33
She Was Hot - Remastered,The Rolling Stones,Undercover (2009 Re-Mastered),04:41
Tie You Up (The Pain Of Love) - Remastered,The Rolling Stones,Undercover (2009 Re-Mastered),04:16
Wanna Hold You - Remastered,The Rolling Stones,Undercover (2009 Re-Mastered),03:52
Feel On Baby - Remastered,The Rolling Stones,Undercover (2009 Re-Mastered),05:06
Too Much Blood - Remastered,The Rolling Stones,Undercover (2009 Re-Mastered),06:14
Pretty Beat Up - Remastered,The Rolling Stones,Undercover (2009 Re-Mastered),04:04
Too Tough - Remastered,The Rolling Stones,Undercover (2009 Re-Mastered),03:51
All The Way Down - Remastered,The Rolling Stones,Undercover (2009 Re-Mastered),03:13
It Must Be Hell - Remastered,The Rolling Stones,Undercover (2009 Re-Mastered),05:04
Start Me Up - 2009 Re-Mastered Digital Version,The Rolling Stones,Tattoo You (2009 Re-Mastered),03:33
Hang Fire - Remastered,The Rolling Stones & Bob Clearmountain,Tattoo You (2009 Re-Mastered),02:21
Slave - Remastered,The Rolling Stones,Tattoo You (2009 Re-Mastered),06:32
Little T&A - Remastered,The Rolling Stones,Tattoo You (2009 Re-Mastered),03:23
Black Limousine - Remastered,The Rolling Stones,Tattoo You (2009 Re-Mastered),03:32
Neighbours - Remastered,The Rolling Stones & Bob Clearmountain,Tattoo You (2009 Re-Mastered),03:31
Worried About You - Remastered,The Rolling Stones & Bob Clearmountain,Tattoo You (2009 Re-Mastered),05:17
Tops - Remastered,The Rolling Stones & Bob Clearmountain,Tattoo You (2009 Re-Mastered),03:46
Heaven - Remastered,The Rolling Stones & Bob Clearmountain,Tattoo You (2009 Re-Mastered),04:22
No Use In Crying - Remastered,The Rolling Stones & Bob Clearmountain,Tattoo You (2009 Re-Mastered),03:25
Waiting On A Friend - 2009 Re-Mastered Digital Version,The Rolling Stones,Tattoo You (2009 Re-Mastered),04:34
Dance (pt 1) - Remastered,The Rolling Stones,Emotional Rescue (2009 Re-Mastered),04:23
Summer Romance - Remastered,The Rolling Stones,Emotional Rescue (2009 Re-Mastered),03:16
Send It To Me - Remastered,The Rolling Stones,Emotional Rescue (2009 Re-Mastered),03:42
Let Me Go - Remastered,The Rolling Stones,Emotional Rescue (2009 Re-Mastered),03:51
Indian Girl - Remastered,The Rolling Stones,Emotional Rescue (2009 Re-Mastered),04:23
Where The Boys Go - Remastered,The Rolling Stones,Emotional Rescue (2009 Re-Mastered),03:29
Down In The Hole - Remastered,The Rolling Stones,Emotional Rescue (2009 Re-Mastered),03:58
Emotional Rescue - 2009 Re-Mastered Digital Version,The Rolling Stones,Emotional Rescue (2009 Re-Mastered),05:39
She's So Cold - Remastered,The Rolling Stones,Emotional Rescue (2009 Re-Mastered),04:13
All About You - Remastered,The Rolling Stones,Emotional Rescue (2009 Re-Mastered),04:17
Hot Stuff - Remastered,The Rolling Stones,Black And Blue (Remastered 2009),05:20
Hand Of Fate - Remastered,The Rolling Stones,Black And Blue (Remastered 2009),04:28
Cherry Oh Baby - Remastered,The Rolling Stones,Black And Blue (Remastered 2009),03:54
Memory Motel - Remastered,The Rolling Stones,Black And Blue (Remastered 2009),07:07
Hey Negrita - Remastered,The Rolling Stones,Black And Blue (Remastered 2009),04:59
Melody - Remastered,The Rolling Stones,Black And Blue (Remastered 2009),05:49
Fool To Cry - Remastered,The Rolling Stones,Black And Blue (Remastered 2009),05:05
Crazy Mama - Remastered,The Rolling Stones,Black And Blue (Remastered 2009),04:35
If You Can't Rock Me - Remastered,The Rolling Stones,It's Only Rock 'N' Roll (2009 Re-Mastered),03:47
Ain't Too Proud To Beg - Remastered,The Rolling Stones,It's Only Rock 'N' Roll (2009 Re-Mastered),03:30
It's Only Rock'n'Roll (But I Like It) - 2009 Re-Mastered Digital Version,The Rolling Stones,It's Only Rock 'N' Roll (2009 Re-Mastered),05:07
Till The Next Goodbye - Remastered,The Rolling Stones,It's Only Rock 'N' Roll (2009 Re-Mastered),04:36
Time Waits For No One - Remastered,The Rolling Stones,It's Only Rock 'N' Roll (2009 Re-Mastered),06:38
Luxury - Remastered,The Rolling Stones,It's Only Rock 'N' Roll (2009 Re-Mastered),05:01
Dance Little Sister - Remastered,The Rolling Stones,It's Only Rock 'N' Roll (2009 Re-Mastered),04:11
If You Really Want To Be My Friend - Remastered,The Rolling Stones,It's Only Rock 'N' Roll (2009 Re-Mastered),06:16
Short And Curlies - Remastered,The Rolling Stones,It's Only Rock 'N' Roll (2009 Re-Mastered),02:43
Fingerprint File - Remastered,The Rolling Stones,It's Only Rock 'N' Roll (2009 Re-Mastered),06:33
Dancing With Mr D - Remastered,The Rolling Stones,Goats Head Soup (Remastered 2009),04:52
100 Years Ago - Remastered,The Rolling Stones,Goats Head Soup (Remastered 2009),03:58
Coming Down Again - Remastered,The Rolling Stones,Goats Head Soup (Remastered 2009),05:54
Doo Doo Doo Doo Doo (Heartbreaker) - Remastered,The Rolling Stones,Goats Head Soup (Remastered 2009),03:26
Angie - Remastered 2009,The Rolling Stones,Goats Head Soup (Remastered 2009),04:32
Silver Train - Remastered,The Rolling Stones,Goats Head Soup (Remastered 2009),04:26
Hide Your Love - Remastered,The Rolling Stones,Goats Head Soup (Remastered 2009),04:11
Winter - Remastered,The Rolling Stones,Goats Head Soup (Remastered 2009),05:29
Can You Hear The Music - Remastered,The Rolling Stones,Goats Head Soup (Remastered 2009),05:31
Star Star - Remastered,The Rolling Stones,Goats Head Soup (Remastered 2009),04:23
Rocks Off,The Rolling Stones,Exile On Main Street (2010 Re-Mastered),04:31
Rip This Joint,The Rolling Stones,Exile On Main Street (2010 Re-Mastered),02:23
Shake Your Hips,The Rolling Stones,Exile On Main Street (2010 Re-Mastered),02:59
Casino Boogie,The Rolling Stones,Exile On Main Street (2010 Re-Mastered),03:34
Tumbling Dice,The Rolling Stones,Exile On Main Street (2010 Re-Mastered),03:46
Sweet Virginia,The Rolling Stones,Exile On Main Street (2010 Re-Mastered),04:26
Torn And Frayed,The Rolling Stones,Exile On Main Street (2010 Re-Mastered),04:17
Sweet Black Angel,The Rolling Stones,Exile On Main Street (2010 Re-Mastered),02:57
Loving Cup,The Rolling Stones,Exile On Main Street (2010 Re-Mastered),04:24
Happy,The Rolling Stones,Exile On Main Street (2010 Re-Mastered),03:04
Turd On The Run,The Rolling Stones,Exile On Main Street (2010 Re-Mastered),02:37
Ventilator Blues,The Rolling Stones,Exile On Main Street (2010 Re-Mastered),03:24
I Just Want To See His Face,The Rolling Stones,Exile On Main Street (2010 Re-Mastered),02:52
Let It Loose,The Rolling Stones,Exile On Main Street (2010 Re-Mastered),05:17
All Down The Line,The Rolling Stones,Exile On Main Street (2010 Re-Mastered),03:49
Stop Breaking Down,The Rolling Stones,Exile On Main Street (2010 Re-Mastered),04:34
Shine A Light,The Rolling Stones,Exile On Main Street (2010 Re-Mastered),04:16
Soul Survivor,The Rolling Stones,Exile On Main Street (2010 Re-Mastered),03:48
Brown Sugar,The Rolling Stones,Sticky Fingers (Remastered),03:48
Sway - Remastered,The Rolling Stones,Sticky Fingers (Remastered),03:52
Wild Horses,The Rolling Stones,Sticky Fingers (Remastered),05:41
Can't You Hear Me Knocking - Remastered,The Rolling Stones,Sticky Fingers (Remastered),07:16
You Gotta Move - Remastered,The Rolling Stones,Sticky Fingers (Remastered),02:32
Bitch,The Rolling Stones,Sticky Fingers (Remastered),03:37
I Got The Blues - Remastered,The Rolling Stones,Sticky Fingers (Remastered),03:53
Sister Morphine - Remastered,The Rolling Stones,Sticky Fingers (Remastered),05:31
Dead Flowers - Remastered,The Rolling Stones,Sticky Fingers (Remastered),04:04
Moonlight Mile - Remastered,The Rolling Stones,Sticky Fingers (Remastered),05:57
Gimme Shelter,The Rolling Stones,Let It Bleed,04:30
Love In Vain,The Rolling Stones,Let It Bleed,04:19
Country Honk,The Rolling Stones,Let It Bleed,03:07
Live With Me,The Rolling Stones,Let It Bleed,03:33
Let It Bleed,The Rolling Stones,Let It Bleed,05:27
Midnight Rambler,The Rolling Stones,Let It Bleed,06:52
You Got The Silver,The Rolling Stones,Let It Bleed,02:50
Monkey Man,The Rolling Stones,Let It Bleed,04:11
You Can't Always Get What You Want,The Rolling Stones,Let It Bleed,07:28
Sympathy For The Devil,The Rolling Stones,Beggars Banquet,06:17
No Expectations,The Rolling Stones,Beggars Banquet,03:55
Dear Doctor,The Rolling Stones,Beggars Banquet,03:21
Parachute Woman,The Rolling Stones,Beggars Banquet,02:19
Jig-Saw Puzzle,The Rolling Stones,Beggars Banquet,06:05
Street Fighting Man,The Rolling Stones,Beggars Banquet,03:14
Prodigal Son,The Rolling Stones,Beggars Banquet,02:50
Stray Cat Blues,The Rolling Stones,Beggars Banquet,04:37
Factory Girl,The Rolling Stones,Beggars Banquet,02:08
Salt Of The Earth,The Rolling Stones,Beggars Banquet,04:47
Sing This All Together,The Rolling Stones,Their Satanic Majesties Request,03:46
Citadel,The Rolling Stones,Their Satanic Majesties Request,02:50
In Another Land - Stereo Version,The Rolling Stones,Their Satanic Majesties Request,03:13
2000 Man,The Rolling Stones,Their Satanic Majesties Request,03:07
Sing This All Together (See What Happens),The Rolling Stones,Their Satanic Majesties Request,08:33
She's A Rainbow - Stereo Full Version / With Intro,The Rolling Stones,Their Satanic Majesties Request,04:35
The Lantern,The Rolling Stones,Their Satanic Majesties Request,04:22
Gomper,The Rolling Stones,Their Satanic Majesties Request,05:08
2000 Light Years From Home,The Rolling Stones,Their Satanic Majesties Request,04:44
On With The Show,The Rolling Stones,Their Satanic Majesties Request,03:38
Let's Spend The Night Together - Stereo Version,The Rolling Stones,Between The Buttons (Remastered),03:35
Yesterday's Papers,The Rolling Stones,Between The Buttons (Remastered),02:03
Ruby Tuesday - Stereo Version,The Rolling Stones,Between The Buttons (Remastered),03:16
Connection,The Rolling Stones,Between The Buttons (Remastered),02:07
She Smiled Sweetly,The Rolling Stones,Between The Buttons (Remastered),02:44
Cool  Calm And Collected,The Rolling Stones,Between The Buttons (Remastered),04:15
All Sold Out,The Rolling Stones,Between The Buttons (Remastered),02:17
My Obsession,The Rolling Stones,Between The Buttons (Remastered),03:16
Who's Been Sleeping Here?,The Rolling Stones,Between The Buttons (Remastered),03:55
Complicated,The Rolling Stones,Between The Buttons (Remastered),03:14
Miss Amanda Jones,The Rolling Stones,Between The Buttons (Remastered),02:46
Something Happened To Me Yesterday,The Rolling Stones,Between The Buttons (Remastered),04:55
Yesterday's Papers,The Rolling Stones,Between The Buttons (UK Version / Remastered),02:03
My Obsession,The Rolling Stones,Between The Buttons (UK Version / Remastered),03:16
Back Street Girl,The Rolling Stones,Between The Buttons (UK Version / Remastered),03:27
Connection,The Rolling Stones,Between The Buttons (UK Version / Remastered),02:07
She Smiled Sweetly,The Rolling Stones,Between The Buttons (UK Version / Remastered),02:44
Cool  Calm And Collected,The Rolling Stones,Between The Buttons (UK Version / Remastered),04:18
All Sold Out,The Rolling Stones,Between The Buttons (UK Version / Remastered),02:17
Please Go Home,The Rolling Stones,Between The Buttons (UK Version / Remastered),03:17
Who's Been Sleeping Here?,The Rolling Stones,Between The Buttons (UK Version / Remastered),03:55
Complicated,The Rolling Stones,Between The Buttons (UK Version / Remastered),03:14
Miss Amanda Jones,The Rolling Stones,Between The Buttons (UK Version / Remastered),02:46
Something Happened To Me Yesterday,The Rolling Stones,Between The Buttons (UK Version / Remastered),04:55
Paint It Black,The Rolling Stones,Aftermath (Remastered),03:22
Stupid Girl,The Rolling Stones,Aftermath (Remastered),02:55
Lady Jane - Mono Version,The Rolling Stones,Aftermath (Remastered),03:08
Under My Thumb,The Rolling Stones,Aftermath (Remastered),03:41
Doncha Bother Me,The Rolling Stones,Aftermath (Remastered),02:41
Think,The Rolling Stones,Aftermath (Remastered),03:09
Flight 505,The Rolling Stones,Aftermath (Remastered),03:27
High And Dry,The Rolling Stones,Aftermath (Remastered),03:08
It's Not Easy,The Rolling Stones,Aftermath (Remastered),02:56
I Am Waiting,The Rolling Stones,Aftermath (Remastered),03:10
Goin' Home,The Rolling Stones,Aftermath (Remastered),11:13
Mother's Little Helper,The Rolling Stones,Aftermath (UK Version),02:44
Stupid Girl,The Rolling Stones,Aftermath (UK Version),02:54
Lady Jane - Mono Version,The Rolling Stones,Aftermath (UK Version),03:08
Under My Thumb,The Rolling Stones,Aftermath (UK Version),03:41
Doncha Bother Me,The Rolling Stones,Aftermath (UK Version),02:41
Going Home,The Rolling Stones,Aftermath (UK Version),11:13
Flight 505,The Rolling Stones,Aftermath (UK Version),03:27
High And Dry,The Rolling Stones,Aftermath (UK Version),03:08
Out Of Time,The Rolling Stones,Aftermath (UK Version),05:36
It's Not Easy,The Rolling Stones,Aftermath (UK Version),02:56
I Am Waiting,The Rolling Stones,Aftermath (UK Version),03:10
Take It Or Leave It,The Rolling Stones,Aftermath (UK Version),02:47
Think,The Rolling Stones,Aftermath (UK Version),03:09
What To Do - Mono Version,The Rolling Stones,Aftermath (UK Version),02:32
She Said Yeah - Remastered 2002,The Rolling Stones,December's Children (And Everybody's) [Remastered],01:34
Talkin' About You - Remastered 2002,The Rolling Stones,December's Children (And Everybody's) [Remastered],02:30
You Better Move On,The Rolling Stones,December's Children (And Everybody's) [Remastered],02:39
Look What You've Done - Mono Version,The Rolling Stones,December's Children (And Everybody's) [Remastered],02:15
The Singer Not The Song,The Rolling Stones,December's Children (And Everybody's) [Remastered],02:22
(Get Your Kicks On) Route 66 - Live,The Rolling Stones,December's Children (And Everybody's) [Remastered],02:39
Get Off Of My Cloud - Mono Version / Remastered 2002,The Rolling Stones,December's Children (And Everybody's) [Remastered],02:55
I'm Free - Remastered 2002,The Rolling Stones,December's Children (And Everybody's) [Remastered],02:23
As Tears Go By - Remastered 2002,The Rolling Stones,December's Children (And Everybody's) [Remastered],02:45
Gotta Get Away - Remastered 2002,The Rolling Stones,December's Children (And Everybody's) [Remastered],02:06
Blue Turns To Grey,The Rolling Stones,December's Children (And Everybody's) [Remastered],02:28
I'm Moving On - Live,The Rolling Stones,December's Children (And Everybody's) [Remastered],02:13
Mercy Mercy - Remastered 2002,The Rolling Stones,Out Of Our Heads (Remastered),02:44
Hitch Hike - Remastered 2002,The Rolling Stones,Out Of Our Heads (Remastered),02:25
The Last Time - Remastered 2002,The Rolling Stones,Out Of Our Heads (Remastered),03:41
That's How Strong My Love Is - Remastered 2002,The Rolling Stones,Out Of Our Heads (Remastered),02:25
Good Times - Remastered 2002,The Rolling Stones,Out Of Our Heads (Remastered),01:58
I'm Alright - Live / Remastered 2002,The Rolling Stones,Out Of Our Heads (Remastered),02:23
(I Can't Get No) Satisfaction - Mono Version / Remastered 2002,The Rolling Stones,Out Of Our Heads (Remastered),03:42
Cry To Me - Remastered 2002,The Rolling Stones,Out Of Our Heads (Remastered),03:09
The Under Assistant West Coast Promotion Man - Edit / Remastered 2002,The Rolling Stones,Out Of Our Heads (Remastered),03:07
Play With Fire - Mono Version / Remastered 2002,The Rolling Stones,Out Of Our Heads (Remastered),02:13
The Spider And The Fly - Remastered 2002,The Rolling Stones,Out Of Our Heads (Remastered),03:38
One More Try - Remastered 2002,The Rolling Stones,Out Of Our Heads (Remastered),01:58
She Said Yeah - Remastered 2002,The Rolling Stones,Out Of Our Heads (UK),01:34
Mercy Mercy - Remastered 2002,The Rolling Stones,Out Of Our Heads (UK),02:46
Hitch Hike - Remastered 2002,The Rolling Stones,Out Of Our Heads (UK),02:26
That's How Strong My Love Is - Remastered 2002,The Rolling Stones,Out Of Our Heads (UK),02:25
Good Times - Remastered 2002,The Rolling Stones,Out Of Our Heads (UK),01:59
Gotta Get Away - Mono Version,The Rolling Stones,Out Of Our Heads (UK),02:07
Talkin' About You - Remastered 2002,The Rolling Stones,Out Of Our Heads (UK),02:32
Cry To Me - Remastered 2002,The Rolling Stones,Out Of Our Heads (UK),03:10
Oh Baby (We Got A Good Thing Goin') - Remastered 2002,The Rolling Stones,Out Of Our Heads (UK),02:09
Heart Of Stone - Stereo Version / Remastered 2002,The Rolling Stones,Out Of Our Heads (UK),02:51
The Under Assistant West Coast Promotion Man - Edit / Mono Version,The Rolling Stones,Out Of Our Heads (UK),03:07
I'm Free - Mono Version,The Rolling Stones,Out Of Our Heads (UK),02:23
Everybody Needs Somebody To Love,The Rolling Stones,The Rolling Stones  Now! (Remastered),02:58
Down Home Girl,The Rolling Stones,The Rolling Stones  Now! (Remastered),04:11
You Can't Catch Me,The Rolling Stones,The Rolling Stones  Now! (Remastered),03:39
Heart Of Stone - Stereo Version / Remastered 2002,The Rolling Stones,The Rolling Stones  Now! (Remastered),02:49
What A Shame,The Rolling Stones,The Rolling Stones  Now! (Remastered),03:05
I Need You Baby (Mona),The Rolling Stones,The Rolling Stones  Now! (Remastered),03:34
Down The Road Apiece,The Rolling Stones,The Rolling Stones  Now! (Remastered),02:55
Off The Hook,The Rolling Stones,The Rolling Stones  Now! (Remastered),02:34
Pain In My Heart,The Rolling Stones,The Rolling Stones  Now! (Remastered),02:11
Oh Baby (We Got A Good Thing Goin') - Remastered 2002,The Rolling Stones,The Rolling Stones  Now! (Remastered),02:08
Little Red Rooster,The Rolling Stones,The Rolling Stones  Now! (Remastered),03:05
Surprise  Surprise,The Rolling Stones,The Rolling Stones  Now! (Remastered),02:31
Everybody Needs Somebody To Love - Long Version,The Rolling Stones,The Rolling Stones No. 2,05:03
Down Home Girl,The Rolling Stones,The Rolling Stones No. 2,04:11
You Can't Catch Me,The Rolling Stones,The Rolling Stones No. 2,03:39
Time Is On My Side - Remastered 2002,The Rolling Stones,The Rolling Stones No. 2,02:59
What A Shame,The Rolling Stones,The Rolling Stones No. 2,03:02
Grown Up Wrong,The Rolling Stones,The Rolling Stones No. 2,02:05
Down The Road Apiece,The Rolling Stones,The Rolling Stones No. 2,02:56
Under The Boardwalk,The Rolling Stones,The Rolling Stones No. 2,02:46
I Can't Be Satisfied,The Rolling Stones,The Rolling Stones No. 2,03:27
Pain In My Heart,The Rolling Stones,The Rolling Stones No. 2,02:11
Off The Hook,The Rolling Stones,The Rolling Stones No. 2,02:34
Susie Q,The Rolling Stones,The Rolling Stones No. 2,01:50
Around And Around,The Rolling Stones,12 X 5 (Remastered),03:03
Confessin' The Blues,The Rolling Stones,12 X 5 (Remastered),02:47
Empty Heart,The Rolling Stones,12 X 5 (Remastered),02:36
Time Is On My Side - Mono Version 1 / Organ Intro,The Rolling Stones,12 X 5 (Remastered),02:52
Good Times  Bad Times - Remastered 2002,The Rolling Stones,12 X 5 (Remastered),02:30
It's All Over Now - Remastered 2002,The Rolling Stones,12 X 5 (Remastered),03:26
2120 South Michigan Avenue - Long Version,The Rolling Stones,12 X 5 (Remastered),03:38
Under The Boardwalk,The Rolling Stones,12 X 5 (Remastered),02:46
Congratulations,The Rolling Stones,12 X 5 (Remastered),02:28
Grown Up Wrong,The Rolling Stones,12 X 5 (Remastered),02:05
If You Need Me,The Rolling Stones,12 X 5 (Remastered),02:04
Susie Q,The Rolling Stones,12 X 5 (Remastered),01:50
Not Fade Away - Remastered 2002,The Rolling Stones,England's Newest Hitmakers (Remastered),01:47
(Get Your Kicks On) Route 66,The Rolling Stones,England's Newest Hitmakers (Remastered),02:20
I Just Want To Make Love To You,The Rolling Stones,England's Newest Hitmakers (Remastered),02:17
Honest I Do,The Rolling Stones,England's Newest Hitmakers (Remastered),02:09
Now I've Got A Witness (Like Uncle Phil And Uncle Gene),The Rolling Stones,England's Newest Hitmakers (Remastered),02:31
Little By Little,The Rolling Stones,England's Newest Hitmakers (Remastered),02:39
I'm A King Bee,The Rolling Stones,England's Newest Hitmakers (Remastered),02:36
Carol,The Rolling Stones,England's Newest Hitmakers (Remastered),02:34
Tell Me,The Rolling Stones,England's Newest Hitmakers (Remastered),04:05
Can I Get A Witness,The Rolling Stones,England's Newest Hitmakers (Remastered),02:56
You Can Make It If You Try,The Rolling Stones,England's Newest Hitmakers (Remastered),02:01
Walking The Dog,The Rolling Stones,England's Newest Hitmakers (Remastered),03:09
(Get Your Kicks On) Route 66,The Rolling Stones,The Rolling Stones,02:20
I Just Want To Make Love To You,The Rolling Stones,The Rolling Stones,02:17
Honest I Do,The Rolling Stones,The Rolling Stones,02:09
I Need You Baby (Mona),The Rolling Stones,The Rolling Stones,03:34
Now I've Got A Witness (Like Uncle Phil And Uncle Gene),The Rolling Stones,The Rolling Stones,02:31
Little By Little,The Rolling Stones,The Rolling Stones,02:39
I'm A King Bee,The Rolling Stones,The Rolling Stones,02:36
Carol,The Rolling Stones,The Rolling Stones,02:34
Tell Me,The Rolling Stones,The Rolling Stones,04:05
Can I Get A Witness,The Rolling Stones,The Rolling Stones,02:56
You Can Make It If You Try,The Rolling Stones,The Rolling Stones,02:01
Walking The Dog,The Rolling Stones,The Rolling Stones,03:09
Scarlet - The War On Drugs Remix,The Rolling Stones & Jimmy Page & The War On Drugs,Scarlet (The War On Drugs Remix),03:48
Scarlet - The Killers & Jacques Lu Cont Remix,The Rolling Stones & Jimmy Page & The Killers & Jacques Lu Cont,Scarlet (The Killers & Jacques Lu Cont Remix),03:14
Dancing With Mr D - 2020,The Rolling Stones,Goats Head Soup (Deluxe),04:52
100 Years Ago - 2020,The Rolling Stones,Goats Head Soup (Deluxe),03:58
Coming Down Again - 2020,The Rolling Stones,Goats Head Soup (Deluxe),05:54
Doo Doo Doo Doo Doo (Heartbreaker) - 2020,The Rolling Stones,Goats Head Soup (Deluxe),03:26
Angie - 2020,The Rolling Stones,Goats Head Soup (Deluxe),04:32
Silver Train - 2020,The Rolling Stones,Goats Head Soup (Deluxe),04:26
Hide Your Love - 2020,The Rolling Stones,Goats Head Soup (Deluxe),04:11
Winter - 2020,The Rolling Stones,Goats Head Soup (Deluxe),05:29
Can You Hear The Music - 2020,The Rolling Stones,Goats Head Soup (Deluxe),05:31
Star Star - 2020,The Rolling Stones,Goats Head Soup (Deluxe),04:23
Scarlet,The Rolling Stones & Jimmy Page,Goats Head Soup (Deluxe),03:44
All The Rage,The Rolling Stones,Goats Head Soup (Deluxe),04:11
Criss Cross,The Rolling Stones,Goats Head Soup (Deluxe),04:32
100 Years Ago - Piano Demo,The Rolling Stones,Goats Head Soup (Deluxe),02:43
Dancing With Mr D - Instrumental,The Rolling Stones,Goats Head Soup (Deluxe),03:30
Heartbreaker - Instrumental,The Rolling Stones,Goats Head Soup (Deluxe),03:17
Hide Your Love - Alternate Mix,The Rolling Stones,Goats Head Soup (Deluxe),05:17
Dancing With Mr D,The Rolling Stones,Goats Head Soup (Deluxe),04:33
Doo Doo Doo Doo Doo (Heartbreaker),The Rolling Stones,Goats Head Soup (Deluxe),03:26
Silver Train,The Rolling Stones,Goats Head Soup (Deluxe),04:31
Scarlet - The War On Drugs Remix,The Rolling Stones & Jimmy Page & The War On Drugs,Goats Head Soup (Deluxe),03:48
Scarlet - The Killers & Jacques Lu Cont Remix,The Rolling Stones & Jimmy Page & The Killers & Jacques Lu Cont,Goats Head Soup (Deluxe),03:14
Brown Sugar - Live / Forest National Arena  Brussels / 17/10/73,The Rolling Stones,Goats Head Soup (Deluxe),03:55
Gimme Shelter - Live / Forest National Arena  Brussels / 17/10/73,The Rolling Stones,Goats Head Soup (Deluxe),05:32
Happy - Live / Forest National Arena  Brussels / 17/10/73,The Rolling Stones,Goats Head Soup (Deluxe),03:14
Tumbling Dice - Live / Forest National Arena  Brussels / 17/10/73,The Rolling Stones,Goats Head Soup (Deluxe),05:04
Star Star - Live / Forest National Arena  Brussels / 17/10/73,The Rolling Stones,Goats Head Soup (Deluxe),04:16
Dancing With Mr D - Live / Forest National Arena  Brussels / 17/10/73,The Rolling Stones,Goats Head Soup (Deluxe),04:37
Doo Doo Doo Doo Doo (Heartbreaker) - Live / Forest National Arena  Brussels / 17/10/73,The Rolling Stones,Goats Head Soup (Deluxe),05:03
Angie - Live / Forest National Arena  Brussels / 17/10/73,The Rolling Stones,Goats Head Soup (Deluxe),05:14
You Can't Always Get What You Want - Live / Forest National Arena  Brussels / 17/10/73,The Rolling Stones,Goats Head Soup (Deluxe),11:00
Midnight Rambler - Live / Forest National Arena  Brussels / 17/10/73,The Rolling Stones,Goats Head Soup (Deluxe),12:53
Honky Tonk Women - Live / Forest National Arena  Brussels / 17/10/73,The Rolling Stones,Goats Head Soup (Deluxe),03:11
All Down The Line - Live / Forest National Arena  Brussels / 17/10/73,The Rolling Stones,Goats Head Soup (Deluxe),04:20
Rip This Joint - Live / Forest National Arena  Brussels / 17/10/73,The Rolling Stones,Goats Head Soup (Deluxe),02:25
Jumpin' Jack Flash - Live / Forest National Arena  Brussels / 17/10/73,The Rolling Stones,Goats Head Soup (Deluxe),03:27
Street Fighting Man - Live / Forest National Arena  Brussels / 17/10/73,The Rolling Stones,Goats Head Soup (Deluxe),05:15
